mode,scan_s_mm,events,detected_sum,detected_mean,detected_sem,sigma_ps,sigma_error_ps,valid_timing_pairs
lg,-25,3000,5219188,1739.7293333333334,7.131512755534907,76.98220799835781,0.9972575069942397,3000
lg,-15,3000,5167831,1722.6103333333333,7.628103779092594,74.83948879047176,0.9685474433543186,3000
lg,-5,3000,5147024,1715.6746666666666,7.782518852986107,72.76504913742065,0.9412730255086363,3000
lg,0,3000,5082106,1694.0353333333333,7.352174626673314,70.33402483990137,0.9092102792771783,3000
lg,5,3000,5047878,1682.626,7.138209692172496,68.96634596385186,0.8912940368648037,3000
lg,15,3000,5017287,1672.429,6.996568069586825,67.83483426291691,0.8766098015473636,3000
lg,25,3000,5051311,1683.7703333333334,7.455714242439683,63.883653178457855,0.8253515014581825,3000
nolg,-25,3000,5559617,1853.2056666666667,7.902644279420288,77.02760263252117,0.9978467672322535,3000
nolg,-15,3000,5498102,1832.7006666666666,8.057247882282939,72.53167617967416,0.9379758123051543,3000
nolg,-5,3000,5434516,1811.5053333333333,7.81793142625069,68.58194525448972,0.8863550580062302,3000
nolg,0,3000,5375744,1791.9146666666666,7.6656594059846785,68.34517989535263,0.8832417188171376,3000
nolg,5,3000,5397980,1799.3266666666666,7.414669467695719,66.88615398940743,0.8642917139331796,3000
nolg,15,3000,5368553,1789.5176666666666,7.871451809647608,65.65792540743229,0.8483464441587096,3000
nolg,25,3000,5338416,1779.472,7.5312186959285805,65.96875818602335,0.8523718481543221,3000
