mode,scan_s_mm,events,central_reused,fate,count,photons_per_event,percent,tracked
lg,-5,3000,False,absorb_glass,2676,0.892,0.00448862621367773,59617350
lg,-5,3000,False,absorb_lg,45703,15.234333333333334,0.07666056944832335,59617350
lg,-5,3000,False,absorb_lg_surface,7101994,2367.3313333333335,11.912629461054541,59617350
lg,-5,3000,False,absorb_other,5682,1.894,0.009530782565813476,59617350
lg,-5,3000,False,absorb_other_surface,22463254,7487.751333333334,37.67905483890176,59617350
lg,-5,3000,False,absorb_scint,5930277,1976.759,9.947233481528448,59617350
lg,-5,3000,False,absorb_si,0,0.0,0.0,59617350
lg,-5,3000,False,detected,5147024,1715.6746666666666,8.633433052626458,59617350
lg,-5,3000,False,no_rindex,0,0.0,0.0,59617350
lg,-5,3000,False,qe_reject,18920740,6306.913333333333,31.736969187660975,59617350
lg,-5,3000,False,unfinished,0,0.0,0.0,59617350
lg,-5,3000,False,unknown,0,0.0,0.0,59617350
lg,-5,3000,False,wls_conversion,0,0.0,0.0,59617350
lg,-5,3000,False,world_exit,0,0.0,0.0,59617350
lg,-15,3000,False,absorb_glass,2675,0.8916666666666667,0.004524330419816764,59124771
lg,-15,3000,False,absorb_lg,46341,15.447,0.07837831625597332,59124771
lg,-15,3000,False,absorb_lg_surface,7195256,2398.4186666666665,12.169613308100592,59124771
lg,-15,3000,False,absorb_other,5590,1.8633333333333333,0.009454582073561013,59124771
lg,-15,3000,False,absorb_other_surface,21853489,7284.4963333333335,36.96164675208637,59124771
lg,-15,3000,False,absorb_scint,5853755,1951.2516666666668,9.900681052954946,59124771
lg,-15,3000,False,absorb_si,0,0.0,0.0,59124771
lg,-15,3000,False,detected,5167831,1722.6103333333333,8.740551401036294,59124771
lg,-15,3000,False,no_rindex,0,0.0,0.0,59124771
lg,-15,3000,False,qe_reject,18999834,6333.278,32.13515025707245,59124771
lg,-15,3000,False,unfinished,0,0.0,0.0,59124771
lg,-15,3000,False,unknown,0,0.0,0.0,59124771
lg,-15,3000,False,wls_conversion,0,0.0,0.0,59124771
lg,-15,3000,False,world_exit,0,0.0,0.0,59124771
lg,-25,3000,False,absorb_glass,2697,0.899,0.0045898549365881,58760027
lg,-25,3000,False,absorb_lg,47016,15.672,0.0800135779379407,58760027
lg,-25,3000,False,absorb_lg_surface,7340720,2446.9066666666668,12.492710393070446,58760027
lg,-25,3000,False,absorb_other,5696,1.8986666666666667,0.009693664708493071,58760027
lg,-25,3000,False,absorb_other_surface,21181307,7060.435666666666,36.0471362615269,58760027
lg,-25,3000,False,absorb_scint,5770437,1923.479,9.820344364375462,58760027
lg,-25,3000,False,absorb_si,0,0.0,0.0,58760027
lg,-25,3000,False,detected,5219188,1739.7293333333334,8.882208308039068,58760027
lg,-25,3000,False,no_rindex,0,0.0,0.0,58760027
lg,-25,3000,False,qe_reject,19192966,6397.655333333333,32.663303575405095,58760027
lg,-25,3000,False,unfinished,0,0.0,0.0,58760027
lg,-25,3000,False,unknown,0,0.0,0.0,58760027
lg,-25,3000,False,wls_conversion,0,0.0,0.0,58760027
lg,-25,3000,False,world_exit,0,0.0,0.0,58760027
lg,0,3000,True,absorb_glass,2711,0.9036666666666666,0.004582065201858226,59165461
lg,0,3000,True,absorb_lg,45216,15.072,0.07642296575699799,59165461
lg,0,3000,True,absorb_lg_surface,6991741,2330.5803333333333,11.817267848212998,59165461
lg,0,3000,True,absorb_other,5446,1.8153333333333332,0.009204694610593839,59165461
lg,0,3000,True,absorb_other_surface,22445889,7481.963,37.93748687261982,59165461
lg,0,3000,True,absorb_scint,5898008,1966.0026666666668,9.968667361520263,59165461
lg,0,3000,True,absorb_si,0,0.0,0.0,59165461
lg,0,3000,True,detected,5082106,1694.0353333333333,8.58964996486717,59165461
lg,0,3000,True,no_rindex,0,0.0,0.0,59165461
lg,0,3000,True,qe_reject,18694344,6231.448,31.596718227210296,59165461
lg,0,3000,True,unfinished,0,0.0,0.0,59165461
lg,0,3000,True,unknown,0,0.0,0.0,59165461
lg,0,3000,True,wls_conversion,0,0.0,0.0,59165461
lg,0,3000,True,world_exit,0,0.0,0.0,59165461
lg,5,3000,False,absorb_glass,2662,0.8873333333333333,0.004511836800456187,59000361
lg,5,3000,False,absorb_lg,44648,14.882666666666667,0.07567411324822233,59000361
lg,5,3000,False,absorb_lg_surface,6926376,2308.792,11.739548508864209,59000361
lg,5,3000,False,absorb_other,5546,1.8486666666666667,0.009399942485097675,59000361
lg,5,3000,False,absorb_other_surface,22516680,7505.56,38.16363089710587,59000361
lg,5,3000,False,absorb_scint,5897191,1965.7303333333334,9.995177826115334,59000361
lg,5,3000,False,absorb_si,0,0.0,0.0,59000361
lg,5,3000,False,detected,5047878,1682.626,8.55567307461051,59000361
lg,5,3000,False,no_rindex,0,0.0,0.0,59000361
lg,5,3000,False,qe_reject,18559380,6186.46,31.456383800770304,59000361
lg,5,3000,False,unfinished,0,0.0,0.0,59000361
lg,5,3000,False,unknown,0,0.0,0.0,59000361
lg,5,3000,False,wls_conversion,0,0.0,0.0,59000361
lg,5,3000,False,world_exit,0,0.0,0.0,59000361
lg,15,3000,False,absorb_glass,2617,0.8723333333333333,0.004435011031179043,59007745
lg,15,3000,False,absorb_lg,44287,14.762333333333334,0.0750528595864831,59007745
lg,15,3000,False,absorb_lg_surface,6876019,2292.0063333333333,11.652739822543634,59007745
lg,15,3000,False,absorb_other,5464,1.8213333333333332,0.00925980140403603,59007745
lg,15,3000,False,absorb_other_surface,22686784,7562.261333333333,38.44712927091181,59007745
lg,15,3000,False,absorb_scint,5910261,1970.087,10.016076703151425,59007745
lg,15,3000,False,absorb_si,0,0.0,0.0,59007745
lg,15,3000,False,detected,5017287,1672.429,8.502760103779597,59007745
lg,15,3000,False,no_rindex,0,0.0,0.0,59007745
lg,15,3000,False,qe_reject,18465026,6155.008666666667,31.292546427591837,59007745
lg,15,3000,False,unfinished,0,0.0,0.0,59007745
lg,15,3000,False,unknown,0,0.0,0.0,59007745
lg,15,3000,False,wls_conversion,0,0.0,0.0,59007745
lg,15,3000,False,world_exit,0,0.0,0.0,59007745
lg,25,3000,False,absorb_glass,2720,0.9066666666666666,0.004571857480814419,59494418
lg,25,3000,False,absorb_lg,44226,14.742,0.07433638564209503,59494418
lg,25,3000,False,absorb_lg_surface,6904679,2301.5596666666665,11.605591301019198,59494418
lg,25,3000,False,absorb_other,5493,1.831,0.00923279894930647,59494418
lg,25,3000,False,absorb_other_surface,22942908,7647.636,38.563127048322414,59494418
lg,25,3000,False,absorb_scint,5963540,1987.8466666666666,10.023696676888243,59494418
lg,25,3000,False,absorb_si,0,0.0,0.0,59494418
lg,25,3000,False,detected,5051311,1683.7703333333334,8.490394846790501,59494418
lg,25,3000,False,no_rindex,0,0.0,0.0,59494418
lg,25,3000,False,qe_reject,18579541,6193.180333333334,31.229049084907427,59494418
lg,25,3000,False,unfinished,0,0.0,0.0,59494418
lg,25,3000,False,unknown,0,0.0,0.0,59494418
lg,25,3000,False,wls_conversion,0,0.0,0.0,59494418
lg,25,3000,False,world_exit,0,0.0,0.0,59494418
nolg,-5,3000,False,absorb_glass,5360,1.7866666666666666,0.009055368153172363,59191409
nolg,-5,3000,False,absorb_lg,0,0.0,0.0,59191409
nolg,-5,3000,False,absorb_lg_surface,0,0.0,0.0,59191409
nolg,-5,3000,False,absorb_other,8104,2.7013333333333334,0.013691176028602394,59191409
nolg,-5,3000,False,absorb_other_surface,27955406,9318.468666666668,47.22882335847082,59191409
nolg,-5,3000,False,absorb_scint,5734918,1911.6393333333333,9.688767503405773,59191409
nolg,-5,3000,False,absorb_si,0,0.0,0.0,59191409
nolg,-5,3000,False,detected,5434516,1811.5053333333333,9.181258043713742,59191409
nolg,-5,3000,False,no_rindex,0,0.0,0.0,59191409
nolg,-5,3000,False,qe_reject,20053105,6684.368333333333,33.87840455022789,59191409
nolg,-5,3000,False,unfinished,0,0.0,0.0,59191409
nolg,-5,3000,False,unknown,0,0.0,0.0,59191409
nolg,-5,3000,False,wls_conversion,0,0.0,0.0,59191409
nolg,-5,3000,False,world_exit,0,0.0,0.0,59191409
nolg,-15,3000,False,absorb_glass,5475,1.825,0.009211185222129624,59438605
nolg,-15,3000,False,absorb_lg,0,0.0,0.0,59438605
nolg,-15,3000,False,absorb_lg_surface,0,0.0,0.0,59438605
nolg,-15,3000,False,absorb_other,8637,2.879,0.014530960139458185,59438605
nolg,-15,3000,False,absorb_other_surface,27913626,9304.542,46.96211494196407,59438605
nolg,-15,3000,False,absorb_scint,5724070,1908.0233333333333,9.630222647385484,59438605
nolg,-15,3000,False,absorb_si,0,0.0,0.0,59438605
nolg,-15,3000,False,detected,5498102,1832.7006666666666,9.250052217746362,59438605
nolg,-15,3000,False,no_rindex,0,0.0,0.0,59438605
nolg,-15,3000,False,qe_reject,20288695,6762.8983333333335,34.1338680475425,59438605
nolg,-15,3000,False,unfinished,0,0.0,0.0,59438605
nolg,-15,3000,False,unknown,0,0.0,0.0,59438605
nolg,-15,3000,False,wls_conversion,0,0.0,0.0,59438605
nolg,-15,3000,False,world_exit,0,0.0,0.0,59438605
nolg,-25,3000,False,absorb_glass,5661,1.887,0.009526219906417216,59425460
nolg,-25,3000,False,absorb_lg,0,0.0,0.0,59425460
nolg,-25,3000,False,absorb_lg_surface,0,0.0,0.0,59425460
nolg,-25,3000,False,absorb_other,8806,2.9353333333333333,0.014818564298871224,59425460
nolg,-25,3000,False,absorb_other_surface,27669569,9223.189666666667,46.56180869277242,59425460
nolg,-25,3000,False,absorb_scint,5676113,1892.0376666666666,9.551651766767982,59425460
nolg,-25,3000,False,absorb_si,0,0.0,0.0,59425460
nolg,-25,3000,False,detected,5559617,1853.2056666666667,9.355614580013349,59425460
nolg,-25,3000,False,no_rindex,0,0.0,0.0,59425460
nolg,-25,3000,False,qe_reject,20505694,6835.231333333333,34.50658017624096,59425460
nolg,-25,3000,False,unfinished,0,0.0,0.0,59425460
nolg,-25,3000,False,unknown,0,0.0,0.0,59425460
nolg,-25,3000,False,wls_conversion,0,0.0,0.0,59425460
nolg,-25,3000,False,world_exit,0,0.0,0.0,59425460
nolg,0,3000,True,absorb_glass,5202,1.734,0.008827944731771249,58926513
nolg,0,3000,True,absorb_lg,0,0.0,0.0,58926513
nolg,0,3000,True,absorb_lg_surface,0,0.0,0.0,58926513
nolg,0,3000,True,absorb_other,7901,2.6336666666666666,0.013408225937278861,58926513
nolg,0,3000,True,absorb_other_surface,27966687,9322.229,47.4602781942994,58926513
nolg,0,3000,True,absorb_scint,5721245,1907.0816666666667,9.709118542276547,58926513
nolg,0,3000,True,absorb_si,0,0.0,0.0,58926513
nolg,0,3000,True,detected,5375744,1791.9146666666666,9.122793334131277,58926513
nolg,0,3000,True,no_rindex,0,0.0,0.0,58926513
nolg,0,3000,True,qe_reject,19849734,6616.578,33.685573758623725,58926513
nolg,0,3000,True,unfinished,0,0.0,0.0,58926513
nolg,0,3000,True,unknown,0,0.0,0.0,58926513
nolg,0,3000,True,wls_conversion,0,0.0,0.0,58926513
nolg,0,3000,True,world_exit,0,0.0,0.0,58926513
nolg,5,3000,False,absorb_glass,5177,1.7256666666666667,0.008743067884593869,59212625
nolg,5,3000,False,absorb_lg,0,0.0,0.0,59212625
nolg,5,3000,False,absorb_lg_surface,0,0.0,0.0,59212625
nolg,5,3000,False,absorb_other,7997,2.6656666666666666,0.013505565747169629,59212625
nolg,5,3000,False,absorb_other_surface,28117950,9372.65,47.486410203904995,59212625
nolg,5,3000,False,absorb_scint,5762874,1920.958,9.732508903295539,59212625
nolg,5,3000,False,absorb_si,0,0.0,0.0,59212625
nolg,5,3000,False,detected,5397980,1799.3266666666666,9.116265323484646,59212625
nolg,5,3000,False,no_rindex,0,0.0,0.0,59212625
nolg,5,3000,False,qe_reject,19920647,6640.215666666667,33.64256693568306,59212625
nolg,5,3000,False,unfinished,0,0.0,0.0,59212625
nolg,5,3000,False,unknown,0,0.0,0.0,59212625
nolg,5,3000,False,wls_conversion,0,0.0,0.0,59212625
nolg,5,3000,False,world_exit,0,0.0,0.0,59212625
nolg,15,3000,False,absorb_glass,5151,1.717,0.008707210488167196,59157867
nolg,15,3000,False,absorb_lg,0,0.0,0.0,59157867
nolg,15,3000,False,absorb_lg_surface,0,0.0,0.0,59157867
nolg,15,3000,False,absorb_other,7913,2.6376666666666666,0.01337607388718055,59157867
nolg,15,3000,False,absorb_other_surface,28187666,9395.888666666666,47.64821219804967,59157867
nolg,15,3000,False,absorb_scint,5773060,1924.3533333333332,9.758735892218697,59157867
nolg,15,3000,False,absorb_si,0,0.0,0.0,59157867
nolg,15,3000,False,detected,5368553,1789.5176666666666,9.074960393686947,59157867
nolg,15,3000,False,no_rindex,0,0.0,0.0,59157867
nolg,15,3000,False,qe_reject,19815524,6605.174666666667,33.49600823166934,59157867
nolg,15,3000,False,unfinished,0,0.0,0.0,59157867
nolg,15,3000,False,unknown,0,0.0,0.0,59157867
nolg,15,3000,False,wls_conversion,0,0.0,0.0,59157867
nolg,15,3000,False,world_exit,0,0.0,0.0,59157867
nolg,25,3000,False,absorb_glass,5002,1.6673333333333333,0.008494991648771055,58881753
nolg,25,3000,False,absorb_lg,0,0.0,0.0,58881753
nolg,25,3000,False,absorb_lg_surface,0,0.0,0.0,58881753
nolg,25,3000,False,absorb_other,7725,2.575,0.013119514291634625,58881753
nolg,25,3000,False,absorb_other_surface,28065411,9355.137,47.66402080454364,58881753
nolg,25,3000,False,absorb_scint,5756152,1918.7173333333333,9.775782320883007,58881753
nolg,25,3000,False,absorb_si,0,0.0,0.0,58881753
nolg,25,3000,False,detected,5338416,1779.472,9.066333334199475,58881753
nolg,25,3000,False,no_rindex,0,0.0,0.0,58881753
nolg,25,3000,False,qe_reject,19709047,6569.682333333333,33.47224903443347,58881753
nolg,25,3000,False,unfinished,0,0.0,0.0,58881753
nolg,25,3000,False,unknown,0,0.0,0.0,58881753
nolg,25,3000,False,wls_conversion,0,0.0,0.0,58881753
nolg,25,3000,False,world_exit,0,0.0,0.0,58881753
