mode,width_mm,fate,count,photons_per_event,percent,tracked,boundary_revision
lg,10,absorb_glass,2711,0.9036666666666666,0.004582065201858226,59165461,2026-09-18
lg,10,absorb_lg,45216,15.072,0.07642296575699799,59165461,2026-09-18
lg,10,absorb_lg_surface,6991741,2330.5803333333333,11.817267848212996,59165461,2026-09-18
lg,10,absorb_other,5446,1.8153333333333332,0.009204694610593839,59165461,2026-09-18
lg,10,absorb_other_surface,22445889,7481.963,37.93748687261982,59165461,2026-09-18
lg,10,absorb_scint,5898008,1966.0026666666668,9.968667361520263,59165461,2026-09-18
lg,10,absorb_si,0,0.0,0.0,59165461,2026-09-18
lg,10,detected,5082106,1694.0353333333333,8.58964996486717,59165461,2026-09-18
lg,10,no_rindex,0,0.0,0.0,59165461,2026-09-18
lg,10,qe_reject,18694344,6231.448,31.596718227210296,59165461,2026-09-18
lg,10,unfinished,0,0.0,0.0,59165461,2026-09-18
lg,10,unknown,0,0.0,0.0,59165461,2026-09-18
lg,10,wls_conversion,0,0.0,0.0,59165461,2026-09-18
lg,10,world_exit,0,0.0,0.0,59165461,2026-09-18
lg,15,absorb_glass,3034,1.0113333333333334,0.00510465742280619,59435918,2026-09-18
lg,15,absorb_lg,49002,16.334,0.08244509658284407,59435918,2026-09-18
lg,15,absorb_lg_surface,8299608,2766.536,13.963960311002516,59435918,2026-09-18
lg,15,absorb_other,5900,1.9666666666666666,0.009926657480077957,59435918,2026-09-18
lg,15,absorb_other_surface,21843994,7281.3313333333335,36.75217736184372,59435918,2026-09-18
lg,15,absorb_scint,6099311,2033.1036666666666,10.261995112113857,59435918,2026-09-18
lg,15,absorb_si,0,0.0,0.0,59435918,2026-09-18
lg,15,detected,4951514,1650.5046666666667,8.330844658611985,59435918,2026-09-18
lg,15,no_rindex,0,0.0,0.0,59435918,2026-09-18
lg,15,qe_reject,18183555,6061.185,30.593546144942184,59435918,2026-09-18
lg,15,unfinished,0,0.0,0.0,59435918,2026-09-18
lg,15,unknown,0,0.0,0.0,59435918,2026-09-18
lg,15,wls_conversion,0,0.0,0.0,59435918,2026-09-18
lg,15,world_exit,0,0.0,0.0,59435918,2026-09-18
lg,20,absorb_glass,3394,1.1313333333333333,0.005729599115784766,59236256,2026-09-18
lg,20,absorb_lg,55833,18.611,0.0942547753186832,59236256,2026-09-18
lg,20,absorb_lg_surface,10503500,3501.1666666666665,17.731539278917293,59236256,2026-09-18
lg,20,absorb_other,6539,2.179666666666667,0.01103884755984578,59236256,2026-09-18
lg,20,absorb_other_surface,21465690,7155.23,36.23741851611958,59236256,2026-09-18
lg,20,absorb_scint,6253513,2084.5043333333333,10.556901165394383,59236256,2026-09-18
lg,20,absorb_si,0,0.0,0.0,59236256,2026-09-18
lg,20,detected,4481133,1493.711,7.564848460375348,59236256,2026-09-18
lg,20,no_rindex,0,0.0,0.0,59236256,2026-09-18
lg,20,qe_reject,16466654,5488.884666666667,27.79826935719908,59236256,2026-09-18
lg,20,unfinished,0,0.0,0.0,59236256,2026-09-18
lg,20,unknown,0,0.0,0.0,59236256,2026-09-18
lg,20,wls_conversion,0,0.0,0.0,59236256,2026-09-18
lg,20,world_exit,0,0.0,0.0,59236256,2026-09-18
lg,25,absorb_glass,3241,1.0803333333333334,0.005445302690532292,59519189,2026-09-18
lg,25,absorb_lg,63356,21.118666666666666,0.10644634287607649,59519189,2026-09-18
lg,25,absorb_lg_surface,12969927,4323.309,21.79116889512725,59519189,2026-09-18
lg,25,absorb_other,6628,2.2093333333333334,0.011135904422353606,59519189,2026-09-18
lg,25,absorb_other_surface,21657845,7219.281666666667,36.388004211549315,59519189,2026-09-18
lg,25,absorb_scint,6508083,2169.361,10.93442822280391,59519189,2026-09-18
lg,25,absorb_si,0,0.0,0.0,59519189,2026-09-18
lg,25,detected,3919698,1306.566,6.585603846181439,59519189,2026-09-18
lg,25,no_rindex,0,0.0,0.0,59519189,2026-09-18
lg,25,qe_reject,14390411,4796.803666666667,24.17776727434912,59519189,2026-09-18
lg,25,unfinished,0,0.0,0.0,59519189,2026-09-18
lg,25,unknown,0,0.0,0.0,59519189,2026-09-18
lg,25,wls_conversion,0,0.0,0.0,59519189,2026-09-18
lg,25,world_exit,0,0.0,0.0,59519189,2026-09-18
lg,30,absorb_glass,3066,1.022,0.0051799331552096345,59189953,2026-09-18
lg,30,absorb_lg,67309,22.436333333333334,0.11371693435877539,59189953,2026-09-18
lg,30,absorb_lg_surface,14680783,4893.594333333333,24.80282929097781,59189953,2026-09-18
lg,30,absorb_other,6624,2.208,0.011191088460570327,59189953,2026-09-18
lg,30,absorb_other_surface,21637780,7212.593333333333,36.5565081627958,59189953,2026-09-18
lg,30,absorb_scint,6742778,2247.5926666666664,11.391761030795209,59189953,2026-09-18
lg,30,absorb_si,0,0.0,0.0,59189953,2026-09-18
lg,30,detected,3438099,1146.033,5.808585453683331,59189953,2026-09-18
lg,30,no_rindex,0,0.0,0.0,59189953,2026-09-18
lg,30,qe_reject,12613514,4204.504666666667,21.310228105773287,59189953,2026-09-18
lg,30,unfinished,0,0.0,0.0,59189953,2026-09-18
lg,30,unknown,0,0.0,0.0,59189953,2026-09-18
lg,30,wls_conversion,0,0.0,0.0,59189953,2026-09-18
lg,30,world_exit,0,0.0,0.0,59189953,2026-09-18
lg,35,absorb_glass,2826,0.942,0.0047312950068413755,59729947,2026-09-18
lg,35,absorb_lg,72700,24.233333333333334,0.12171448938335738,59729947,2026-09-18
lg,35,absorb_lg_surface,16318659,5439.553,27.320732429245247,59729947,2026-09-18
lg,35,absorb_other,6583,2.1943333333333332,0.011021272126693835,59729947,2026-09-18
lg,35,absorb_other_surface,21751896,7250.632,36.41706897881561,59729947,2026-09-18
lg,35,absorb_scint,7077353,2359.1176666666665,11.84891893508628,59729947,2026-09-18
lg,35,absorb_si,0,0.0,0.0,59729947,2026-09-18
lg,35,detected,3105627,1035.209,5.199447104816617,59729947,2026-09-18
lg,35,no_rindex,0,0.0,0.0,59729947,2026-09-18
lg,35,qe_reject,11394303,3798.101,19.076365495519358,59729947,2026-09-18
lg,35,unfinished,0,0.0,0.0,59729947,2026-09-18
lg,35,unknown,0,0.0,0.0,59729947,2026-09-18
lg,35,wls_conversion,0,0.0,0.0,59729947,2026-09-18
lg,35,world_exit,0,0.0,0.0,59729947,2026-09-18
lg,40,absorb_glass,2492,0.8306666666666667,0.004216646562580246,59099096,2026-09-20
lg,40,absorb_lg,73685,24.561666666666667,0.12468041812348533,59099096,2026-09-20
lg,40,absorb_lg_surface,17009516,5669.8386666666665,28.781347179997475,59099096,2026-09-20
lg,40,absorb_other,6432,2.144,0.010883415204862017,59099096,2026-09-20
lg,40,absorb_other_surface,21661339,7220.446333333333,36.652572486049536,59099096,2026-09-20
lg,40,absorb_scint,7233168,2411.056,12.239050153998972,59099096,2026-09-20
lg,40,absorb_si,0,0.0,0.0,59099096,2026-09-20
lg,40,detected,2807802,935.934,4.751006682064984,59099096,2026-09-20
lg,40,no_rindex,0,0.0,0.0,59099096,2026-09-20
lg,40,qe_reject,10304662,3434.887333333333,17.43624301799811,59099096,2026-09-20
lg,40,unfinished,0,0.0,0.0,59099096,2026-09-20
lg,40,unknown,0,0.0,0.0,59099096,2026-09-20
lg,40,wls_conversion,0,0.0,0.0,59099096,2026-09-20
lg,40,world_exit,0,0.0,0.0,59099096,2026-09-20
nolg,10,absorb_glass,5202,1.734,0.008827944731771249,58926513,2026-09-18
nolg,10,absorb_lg,0,0.0,0.0,58926513,2026-09-18
nolg,10,absorb_lg_surface,0,0.0,0.0,58926513,2026-09-18
nolg,10,absorb_other,7901,2.6336666666666666,0.013408225937278861,58926513,2026-09-18
nolg,10,absorb_other_surface,27966687,9322.229,47.4602781942994,58926513,2026-09-18
nolg,10,absorb_scint,5721245,1907.0816666666667,9.709118542276547,58926513,2026-09-18
nolg,10,absorb_si,0,0.0,0.0,58926513,2026-09-18
nolg,10,detected,5375744,1791.9146666666666,9.122793334131277,58926513,2026-09-18
nolg,10,no_rindex,0,0.0,0.0,58926513,2026-09-18
nolg,10,qe_reject,19849734,6616.578,33.685573758623725,58926513,2026-09-18
nolg,10,unfinished,0,0.0,0.0,58926513,2026-09-18
nolg,10,unknown,0,0.0,0.0,58926513,2026-09-18
nolg,10,wls_conversion,0,0.0,0.0,58926513,2026-09-18
nolg,10,world_exit,0,0.0,0.0,58926513,2026-09-18
nolg,15,absorb_glass,5535,1.845,0.009298752122585071,59524116,2026-09-20
nolg,15,absorb_lg,0,0.0,0.0,59524116,2026-09-20
nolg,15,absorb_lg_surface,0,0.0,0.0,59524116,2026-09-20
nolg,15,absorb_other,8385,2.795,0.0140867274702576,59524116,2026-09-20
nolg,15,absorb_other_surface,27073756,9024.585333333333,45.48367589364956,59524116,2026-09-20
nolg,15,absorb_scint,6067489,2022.4963333333333,10.193329036587457,59524116,2026-09-20
nolg,15,absorb_si,0,0.0,0.0,59524116,2026-09-20
nolg,15,detected,5622868,1874.2893333333334,9.446369602532192,59524116,2026-09-20
nolg,15,no_rindex,0,0.0,0.0,59524116,2026-09-20
nolg,15,qe_reject,20746083,6915.361,34.85323998763795,59524116,2026-09-20
nolg,15,unfinished,0,0.0,0.0,59524116,2026-09-20
nolg,15,unknown,0,0.0,0.0,59524116,2026-09-20
nolg,15,wls_conversion,0,0.0,0.0,59524116,2026-09-20
nolg,15,world_exit,0,0.0,0.0,59524116,2026-09-20
nolg,20,absorb_glass,5194,1.7313333333333334,0.008770917959646718,59218431,2026-09-18
nolg,20,absorb_lg,0,0.0,0.0,59218431,2026-09-18
nolg,20,absorb_lg_surface,0,0.0,0.0,59218431,2026-09-18
nolg,20,absorb_other,8149,2.7163333333333335,0.013760918454593978,59218431,2026-09-18
nolg,20,absorb_other_surface,27402396,9134.132,46.273424569455415,59218431,2026-09-18
nolg,20,absorb_scint,6856495,2285.4983333333334,11.578312502065447,59218431,2026-09-18
nolg,20,absorb_si,0,0.0,0.0,59218431,2026-09-18
nolg,20,detected,5306720,1768.9066666666668,8.961264103738245,59218431,2026-09-18
nolg,20,no_rindex,0,0.0,0.0,59218431,2026-09-18
nolg,20,qe_reject,19639477,6546.492333333334,33.16446698832666,59218431,2026-09-18
nolg,20,unfinished,0,0.0,0.0,59218431,2026-09-18
nolg,20,unknown,0,0.0,0.0,59218431,2026-09-18
nolg,20,wls_conversion,0,0.0,0.0,59218431,2026-09-18
nolg,20,world_exit,0,0.0,0.0,59218431,2026-09-18
nolg,25,absorb_glass,5035,1.6783333333333332,0.0085112946147357,59156688,2026-09-18
nolg,25,absorb_lg,0,0.0,0.0,59156688,2026-09-18
nolg,25,absorb_lg_surface,0,0.0,0.0,59156688,2026-09-18
nolg,25,absorb_other,7988,2.6626666666666665,0.013503122419564799,59156688,2026-09-18
nolg,25,absorb_other_surface,27746625,9248.875,46.90361468512233,59156688,2026-09-18
nolg,25,absorb_scint,7537400,2512.4666666666667,12.74141649038905,59156688,2026-09-18
nolg,25,absorb_si,0,0.0,0.0,59156688,2026-09-18
nolg,25,detected,5063955,1687.985,8.560240897867711,59156688,2026-09-18
nolg,25,no_rindex,0,0.0,0.0,59156688,2026-09-18
nolg,25,qe_reject,18795685,6265.2283333333335,31.77271350958661,59156688,2026-09-18
nolg,25,unfinished,0,0.0,0.0,59156688,2026-09-18
nolg,25,unknown,0,0.0,0.0,59156688,2026-09-18
nolg,25,wls_conversion,0,0.0,0.0,59156688,2026-09-18
nolg,25,world_exit,0,0.0,0.0,59156688,2026-09-18
nolg,30,absorb_glass,4813,1.6043333333333334,0.00809162537620468,59481251,2026-09-21 rim-normal
nolg,30,absorb_lg,0,0.0,0.0,59481251,2026-09-21 rim-normal
nolg,30,absorb_lg_surface,0,0.0,0.0,59481251,2026-09-21 rim-normal
nolg,30,absorb_other,7406,2.4686666666666666,0.012450982243127334,59481251,2026-09-21 rim-normal
nolg,30,absorb_other_surface,28401740,9467.246666666666,47.7490629778449,59481251,2026-09-21 rim-normal
nolg,30,absorb_scint,8396581,2798.8603333333335,14.116349032403505,59481251,2026-09-21 rim-normal
nolg,30,absorb_si,0,0.0,0.0,59481251,2026-09-21 rim-normal
nolg,30,detected,4797117,1599.039,8.064922844343002,59481251,2026-09-21 rim-normal
nolg,30,no_rindex,0,0.0,0.0,59481251,2026-09-21 rim-normal
nolg,30,qe_reject,17873594,5957.864666666666,30.049122537789263,59481251,2026-09-21 rim-normal
nolg,30,unfinished,0,0.0,0.0,59481251,2026-09-21 rim-normal
nolg,30,unknown,0,0.0,0.0,59481251,2026-09-21 rim-normal
nolg,30,wls_conversion,0,0.0,0.0,59481251,2026-09-21 rim-normal
nolg,30,world_exit,0,0.0,0.0,59481251,2026-09-21 rim-normal
nolg,35,absorb_glass,4596,1.532,0.007762625532092849,59206772,2026-09-18
nolg,35,absorb_lg,0,0.0,0.0,59206772,2026-09-18
nolg,35,absorb_lg_surface,0,0.0,0.0,59206772,2026-09-18
nolg,35,absorb_other,7115,2.3716666666666666,0.012017206410104573,59206772,2026-09-18
nolg,35,absorb_other_surface,28400109,9466.703,47.9676699820757,59206772,2026-09-18
nolg,35,absorb_scint,8852391,2950.797,14.95165282782179,59206772,2026-09-18
nolg,35,absorb_si,0,0.0,0.0,59206772,2026-09-18
nolg,35,detected,4638380,1546.1266666666668,7.8342051817991365,59206772,2026-09-18
nolg,35,no_rindex,0,0.0,0.0,59206772,2026-09-18
nolg,35,qe_reject,17304181,5768.060333333333,29.22669217636118,59206772,2026-09-18
nolg,35,unfinished,0,0.0,0.0,59206772,2026-09-18
nolg,35,unknown,0,0.0,0.0,59206772,2026-09-18
nolg,35,wls_conversion,0,0.0,0.0,59206772,2026-09-18
nolg,35,world_exit,0,0.0,0.0,59206772,2026-09-18
nolg,40,absorb_glass,4583,1.5276666666666667,0.007732043118582851,59272820,2026-09-20
nolg,40,absorb_lg,0,0.0,0.0,59272820,2026-09-20
nolg,40,absorb_lg_surface,0,0.0,0.0,59272820,2026-09-20
nolg,40,absorb_other,7072,2.3573333333333335,0.011931269678075044,59272820,2026-09-20
nolg,40,absorb_other_surface,28417961,9472.653666666667,47.94433772511583,59272820,2026-09-20
nolg,40,absorb_scint,9300854,3100.2846666666665,15.691600298416711,59272820,2026-09-20
nolg,40,absorb_si,0,0.0,0.0,59272820,2026-09-20
nolg,40,detected,4549176,1516.392,7.67497817718138,59272820,2026-09-20
nolg,40,no_rindex,0,0.0,0.0,59272820,2026-09-20
nolg,40,qe_reject,16993174,5664.391333333333,28.66942048648942,59272820,2026-09-20
nolg,40,unfinished,0,0.0,0.0,59272820,2026-09-20
nolg,40,unknown,0,0.0,0.0,59272820,2026-09-20
nolg,40,wls_conversion,0,0.0,0.0,59272820,2026-09-20
nolg,40,world_exit,0,0.0,0.0,59272820,2026-09-20
