mode,width_mm,valid_pairs,sigma_ps,sigma_error_ps,mean_ns,fit_status,covariance_status,poisson_deviance,ndf,bin_ns,xmin_ns,xmax_ns,root_version,fit_options,minimizer
lg,10,3000,70.32850731220874,0.9084206888690938,-0.019733031473274,0,3,129.1265634887048,194,0.005,-0.51,0.47500000000000003,6.30/02,LQRSNI,Minuit2 / Migrad
lg,15,3000,69.66328279671582,0.8998298606507984,-0.021899813161810933,0,3,74.75833136850548,194,0.005,-0.51,0.47500000000000003,6.30/02,LQRSNI,Minuit2 / Migrad
lg,20,3000,74.8946709109087,0.96735422865879,-0.02014971101260013,0,3,125.89464545498068,194,0.005,-0.51,0.47500000000000003,6.30/02,LQRSNI,Minuit2 / Migrad
lg,25,3000,80.42616801837019,1.0387531793449174,-0.020118134116605416,0,3,125.83928243305503,194,0.005,-0.51,0.47500000000000003,6.30/02,LQRSNI,Minuit2 / Migrad
lg,30,3000,87.62559078821477,1.1316902515574114,-0.020639835736554046,0,3,113.54313015101812,194,0.005,-0.51,0.47500000000000003,6.30/02,LQRSNI,Minuit2 / Migrad
lg,35,3000,93.48136622810875,1.2073106496452226,-0.017994841300125908,0,3,122.91287977408548,194,0.005,-0.51,0.47500000000000003,6.30/02,LQRSNI,Minuit2 / Migrad
lg,40,3000,104.31837401261794,1.347610060479107,-0.02137009048613386,0,3,159.52047603721707,194,0.005,-0.51,0.47500000000000003,6.30/02,LQRSNI,Minuit2 / Migrad
nolg,10,3000,68.34209681382607,0.8827779321526272,-0.020028213820586782,0,3,95.64236516297802,194,0.005,-0.51,0.47500000000000003,6.30/02,LQRSNI,Minuit2 / Migrad
nolg,15,3000,67.41835396258793,0.8708788518624957,-0.02021707574831568,0,3,102.89990940349801,194,0.005,-0.51,0.47500000000000003,6.30/02,LQRSNI,Minuit2 / Migrad
nolg,20,3000,77.6577203442905,1.0030187380062825,-0.02141972857159493,0,3,126.7924194165426,194,0.005,-0.51,0.47500000000000003,6.30/02,LQRSNI,Minuit2 / Migrad
nolg,25,3000,89.77011227304853,1.1593777634360327,-0.01787982186129119,0,3,132.34782112091847,194,0.005,-0.51,0.47500000000000003,6.30/02,LQRSNI,Minuit2 / Migrad
nolg,30,3000,99.07555574822196,1.2796350720512064,-0.02007488743422146,0,3,123.85063641367722,194,0.005,-0.51,0.47500000000000003,6.30/02,LQRSNI,Minuit2 / Migrad
nolg,35,3000,110.58450111090691,1.429381034194599,-0.01922692543517851,0,3,160.13774391898392,194,0.005,-0.51,0.47500000000000003,6.30/02,LQRSNI,Minuit2 / Migrad
nolg,40,2998,117.01074391443822,1.5149393078291786,-0.01932529525116886,0,3,172.8533807598538,194,0.005,-0.51,0.47500000000000003,6.30/02,LQRSNI,Minuit2 / Migrad
