condition,mode,width_mm,length_mm,thickness_mm,sigma_ps,sigma_error_ps,mean_ns,poisson_deviance,ndf,fit_status,covariance_status,incident,valid_pairs,detected_mean,detected_sem,detected_T1_mean,detected_T1_sem,detected_T2_mean,detected_T2_sem,generated_mean,generated_sem,collection_fraction,collection_fraction_sem,no_rindex
lg_W10_L30_T5,lg,10,30,5,60.95782050475817,0.7874822601653051,-0.020168098707432833,97.18615189868743,244,0,3,3000,3000,1819.5803333333333,8.206517771743522,891.1523333333333,4.427805924929827,928.428,5.866032346905595,19766.824666666667,88.70959140964713,0.0920522321625962,3.716333149505395e-05,0.0
lg_W10_L40_T5,lg,10,40,5,63.37339329776927,0.81865738755834,-0.021584632380800012,99.65932378612584,244,0,3,3000,3000,1763.931,7.815834401458313,862.7436666666666,4.142484203762573,901.1873333333333,5.588875033801993,19678.821333333333,86.46623812489607,0.0896360086877832,3.771946350930473e-05,1.0
lg_W10_L50_T5,lg,10,50,5,66.9073715920384,0.8642647301215014,-0.02202803530684319,128.03598332687545,244,0,3,3000,3000,1721.8243333333332,7.32876036667414,844.866,4.215531602855801,876.9583333333334,5.2495908666450495,19662.171333333332,83.19526128895502,0.08757040634745766,3.678007582948729e-05,0.0
lg_W10_L60_T10,lg,10,60,10,49.41730382888673,0.6385691979412002,-0.03728951144974396,62.83803081759093,244,0,3,3000,3000,3563.4823333333334,14.68708855035577,1747.97,8.044980301226772,1815.5123333333333,10.469204789340923,40565.00033333333,166.78994835408182,0.08784622960806747,2.520579010784915e-05,0.0
lg_W10_L60_T2,lg,10,60,2,111.39768206347009,1.4385925646834483,-0.00880509309039006,205.01928167077358,244,0,3,3000,3000,606.1003333333333,2.9933011571232475,299.254,1.767871367854568,306.84633333333335,2.14074604183042,7621.305,37.02710979584868,0.07952710635951891,5.690083135284848e-05,0.0
lg_W10_L60_T3,lg,10,60,3,90.23200849087694,1.1653297894649584,-0.01573980029980055,141.02513247238983,244,0,3,3000,3000,958.2286666666666,4.6109582993365,470.28566666666666,2.606090885103394,487.943,3.3276432915574805,11594.859,55.01329368515624,0.08264254586163287,4.742102555786532e-05,0.0
lg_W10_L60_T5,lg,10,60,5,69.52533059284785,0.8980506172587416,-0.020024757905210862,88.25629018183014,244,0,3,3000,3000,1699.3836666666666,7.456668746282246,826.456,4.081988405449627,872.9276666666667,5.497891128264458,19772.505666666668,86.1282765517477,0.08594680387582643,3.601877987733379e-05,0.0
lg_W10_L60_T7,lg,10,60,7,59.26288032098674,0.7656090615001214,-0.02826151155054237,95.9415488366678,244,0,3,3000,3000,2443.1783333333333,10.073680198582931,1194.6686666666667,5.696592725877854,1248.5096666666666,7.267256832191159,27978.564333333332,114.54052801968817,0.08732322017047027,3.0393381624628022e-05,0.0
lg_W10_L80_T5,lg,10,80,5,74.85541711719256,0.9668450464727432,-0.019246483972525805,120.22930988286417,244,0,3,3000,3000,1633.465,7.1276301161841635,800.8593333333333,3.8596105217842074,832.6056666666667,5.156093163473871,19628.13366666667,84.79303721210356,0.08322059691156576,3.623886636250258e-05,0.0
lg_W40_L30_T5,lg,40,30,5,97.14671379487382,1.2545911689604214,-0.020831678638804637,129.0016279222062,244,0,3,3000,3000,992.3596666666666,4.444902828623346,484.93333333333334,2.4200750896749197,507.42633333333333,3.18436612011502,19802.890666666666,87.42675241420466,0.050111859090201515,2.8072657332927776e-05,0.0
lg_W40_L40_T5,lg,40,40,5,102.47345036960493,1.3233632943593503,-0.022351513882600562,135.4146326126122,244,0,3,3000,3000,968.1076666666667,4.244898372167031,472.04133333333334,2.2341751520539304,496.0663333333333,3.211285461940278,19696.08,85.40809623833431,0.04915230171012032,2.8252060273702086e-05,0.0
lg_W40_L50_T5,lg,40,50,5,102.39831889806527,1.3223940847638047,-0.02163985612028229,159.87300244102653,244,0,3,3000,3000,956.9423333333333,4.4454384709780435,468.50866666666667,2.498864069478589,488.4336666666667,3.1511694902604668,19968.819333333333,91.75665716719423,0.047921828394528014,2.8033762327590187e-05,0.0
lg_W40_L60_T10,lg,40,60,10,90.86936966385643,1.1735577910774522,-0.039603248173789754,151.18550767322563,244,0,3,3000,3000,1693.988,7.426469049552357,818.996,3.7730843328936743,874.992,5.585998965283355,40859.069,177.07931903227365,0.04145929022513949,1.857765672967315e-05,0.0
lg_W40_L60_T2,lg,40,60,2,150.7309046574589,1.954523984322956,-0.010969887419096745,253.6301628184229,244,0,3,3000,3000,361.824,1.8117896866421537,177.67533333333333,1.058791916165247,184.14866666666666,1.3382074283670455,7607.066666666667,37.160493920279045,0.04756419469615971,4.47735799336021e-05,0.0
lg_W40_L60_T3,lg,40,60,3,125.40759750373779,1.6197980492977173,-0.012371422105007704,176.07718023378607,244,0,3,3000,3000,574.58,2.9429984052330713,281.0036666666667,1.673466542854377,293.5763333333333,2.1220661319067537,11735.512333333334,59.04540722555722,0.048960793843484236,3.650211593279266e-05,0.0
lg_W40_L60_T5,lg,40,60,5,104.7729880580448,1.3530477441107067,-0.018418497469727395,195.86848938459235,244,0,3,3000,3000,945.383,4.339224451180613,462.658,2.3887699245813097,482.725,3.1176984433989823,19898.209333333332,90.60684562926144,0.047510958607531656,2.6987858276167674e-05,0.0
lg_W40_L60_T7,lg,40,60,7,97.32651778133781,1.2569157576892074,-0.023688247868587083,165.8763943437843,244,0,3,3000,3000,1254.391,5.301943125556472,609.4153333333334,2.8337032330445764,644.9756666666667,3.9551285461497305,27936.624333333333,116.77872628768371,0.04490130894244405,2.247731797869616e-05,0.0
lg_W40_L80_T5,lg,40,80,5,108.85704137000992,1.4057875585084671,-0.01720004767714457,192.1187205555435,244,0,3,3000,3000,920.9276666666667,4.017459745384776,451.603,2.2825232604462458,469.32466666666664,2.8773347030357903,19615.543,84.54119225036222,0.04694887450562376,2.7645673284826455e-05,0.0
nolg_W10_L30_T5,nolg,10,30,5,57.91493326148675,0.7482147692424514,-0.02108983865446276,73.75313104816425,244,0,3,3000,3000,1917.2293333333334,8.77449814754788,939.1966666666667,4.595223996685227,978.0326666666666,6.387592232882847,19785.148,89.92076806084711,0.09690245093609273,3.907661363381282e-05,0.0
nolg_W10_L40_T5,nolg,10,40,5,62.8967762831755,0.8125048951297987,-0.019933021667746745,77.4237369201357,244,0,3,3000,3000,1878.742,8.37476868376753,923.0553333333334,4.769675766238808,955.6866666666666,5.981844874014454,19847.174333333332,87.83862006818724,0.09466042714426368,3.726332598468796e-05,0.0
nolg_W10_L50_T5,nolg,10,50,5,63.08159978051259,0.8148905194348515,-0.018719680646400824,91.06950841992625,244,0,3,3000,3000,1825.47,7.850565963021881,895.6566666666666,4.39618839683156,929.8133333333334,5.8065407679973555,19679.155666666666,84.20244550406827,0.09276160171302743,3.764436043803699e-05,0.0
nolg_W10_L60_T10,nolg,10,60,10,46.22785409207764,0.5974308836209329,-0.03684647252447708,65.8927864787286,244,0,3,3000,3000,3961.001333333333,16.216903409931007,1928.5396666666666,8.398717260752413,2032.4616666666666,12.281661031277164,40611.07833333333,165.15244503215536,0.09753499527448319,2.6908707604424332e-05,0.0
nolg_W10_L60_T2,nolg,10,60,2,113.63523221066919,1.4674968478757684,-0.008303270584549828,189.0267983629929,244,0,3,3000,3000,593.9573333333333,3.0012520920632624,294.99533333333335,1.829641698405586,298.962,2.068338241660728,7561.5,37.51009157088998,0.07855019947541272,5.639261320634263e-05,0.0
nolg_W10_L60_T3,nolg,10,60,3,91.1060044976126,1.176612998227064,-0.014713143460181483,131.92444115790147,244,0,3,3000,3000,995.917,5.752493062068223,490.53,3.030491909898602,505.387,3.8485976494273793,11715.213333333333,67.0279113754335,0.08501057314648418,4.736164485873604e-05,0.0
nolg_W10_L60_T5,nolg,10,60,5,67.48286145021932,0.8716901889061144,-0.020681456064325632,112.64771172684362,244,0,3,3000,3000,1803.578,8.128933197828362,879.8476666666667,4.326338649635903,923.7303333333333,5.9866693343426025,19775.34833333333,88.43080138534727,0.09120334922039722,3.765080489198519e-05,0.0
nolg_W10_L60_T7,nolg,10,60,7,57.51310355801964,0.7430308097299103,-0.02700146767910131,106.63323058283892,244,0,3,3000,3000,2637.787333333333,11.016319925116877,1293.2603333333334,6.2891082420952085,1344.527,7.745667663034741,27886.388,115.89757663230819,0.09459049817901599,3.259604570524528e-05,0.0
nolg_W10_L80_T5,nolg,10,80,5,74.70783930432357,0.9649427914600051,-0.020953037893189218,109.23972163514264,244,0,3,3000,3000,1771.0176666666666,8.084756850213367,859.954,4.407870380427768,911.0636666666667,5.927506510047943,19970.671333333332,90.29384382277894,0.08868092800218667,3.720648794005639e-05,0.0
