dataset,rebin_ps,k,n_events,delta_mean_ns,delta_rms_ns,delta_p50_ns,delta_p90_ns
LG,200.0,10,1577,-0.013802047746383474,0.06832311536665767,-0.015555557939741393,0.0724537931951154
LG,200.0,20,1577,-0.010728355579737314,0.09417902072471386,-0.01000001192092892,0.10665048735505334
LG,200.0,30,1577,-0.007984122653520088,0.10330682117014724,-0.0074370828591440175,0.12151690484137716
LG,200.0,40,1577,-0.006147898503833268,0.11197518892473338,-0.004867703410052826,0.13147596430278732
LG,200.0,50,1577,-0.004015029210302152,0.1247347419868607,-0.003529422493541823,0.15294691227950558
LG,200.0,60,1577,-0.0018877867636998634,0.14104472624435782,-0.0034343517789936495,0.1726244719368558
LG,200.0,70,1577,0.0002703527768559316,0.15763395187455517,-0.001428560699735515,0.19942484488294668
LG,200.0,80,1577,0.002470501745797012,0.17628452918392687,-0.0006666762034097662,0.22438955511984485
LG,200.0,90,1577,0.004881600213923733,0.19652318023589982,0.0018919085811925918,0.2501693279049385
LG,200.0,100,1577,0.006886776120283706,0.21833326521190805,0.006666646401087384,0.2799828997840231
LG,200.0,110,1577,0.00886580401594227,0.24101591132103659,0.006923084075634467,0.3157647108891431
LG,200.0,120,1577,0.010901355045391095,0.2633727483547474,0.009431457200576698,0.35021621812356507
LG,200.0,130,1577,0.012731029283285993,0.2866494341120597,0.010350876000889464,0.38091947360534173
LG,200.0,140,1577,0.015114911978777809,0.31024040439554224,0.01454930236584806,0.41344936066293103
LG,200.0,150,1577,0.018196185609484116,0.33497533667082385,0.014782619424487997,0.44561212407314404
LG,200.0,160,1577,0.021482611202551054,0.3612640716675966,0.01801171497991927,0.4834831277158491
LG,200.0,170,1577,0.023510214451216496,0.38825488561487886,0.020000019073486364,0.5263498529573878
LG,200.0,180,1577,0.026117206403156835,0.4164490289038033,0.021666646401087064,0.560606820682254
LG,200.0,190,1577,0.0296058717600184,0.44520691652554834,0.022380933307466044,0.6032029337146607
LG,200.0,200,1577,0.03406979305369422,0.4752078698717066,0.02615383542500993,0.6457040936228637
LG,200.0,210,1577,0.03888505842784523,0.5076350641910845,0.02928571190152862,0.7004021369383789
LG,200.0,220,1577,0.04319026239990223,0.5407239351468786,0.0372944189793869,0.7456299604678448
LG,200.0,230,1577,0.047988676403562885,0.5755780699665384,0.04555556509229852,0.7999532311562213
LG,200.0,240,1577,0.054218332052261016,0.6125767294511044,0.053333350022634285,0.8506381599488763
LG,200.0,250,1577,0.05863101718611342,0.6526221546459298,0.05444445278909482,0.9082912974751476
LG,200.0,260,1577,0.06303115918627084,0.696911360424823,0.0619662272948458,0.9628148193447684
LG,200.0,270,1577,0.06616917255424702,0.7423739303082726,0.06727272488854119,1.0497109056656675
LG,200.0,280,1577,0.06917036538370022,0.7901165281279778,0.07017488314730169,1.1075488517274643
LG,200.0,290,1577,0.07449057331584703,0.8425512021752978,0.06692308645982026,1.167510488875578
LG,200.0,300,1577,0.08092600293461087,0.8992534956608602,0.07530892567721859,1.2363381632975334
LG,200.0,310,1577,0.08605875773342114,0.9602641441119807,0.07555556628439142,1.324952379283451
LG,200.0,320,1577,0.09340548901155028,1.027012893064767,0.08873450204397249,1.4320919164365586
LG,200.0,330,1577,0.10139233283759125,1.0998723895540867,0.11524476358940561,1.5449572725866603
LG,200.0,340,1577,0.10709961375733174,1.1778212048429717,0.12496732860608817,1.6383308387501816
LG,200.0,350,1577,0.11375355480784999,1.2643594487712653,0.12205129754848931,1.7379202865172125
LG,200.0,360,1577,0.12047339528794178,1.3589841186813905,0.13111109203762528,1.8809999973773956
LG,200.0,370,1577,0.1293659511628643,1.4646697328651044,0.13230769230769202,2.035666664759318
LG,200.0,380,1577,0.13894793863934282,1.5901859981789743,0.15785715239388587,2.229142860957555
LG,200.0,390,1577,0.14845917799729677,1.729201670268017,0.16999999880790728,2.412920628721752
LG,200.0,400,1577,0.16022914827311996,1.8973722334006444,0.18777776824103487,2.632677451920735
LG,200.0,410,1577,0.1744449863923742,2.104332386024112,0.19952381906055194,2.9473333414395664
LG,200.0,420,1577,0.18531634565011237,2.36072798173325,0.22555555674764882,3.2547536303409634
LG,200.0,430,1577,0.19371725406848564,2.693972870465521,0.26359789432671965,3.704166653553646
LG,200.0,440,1577,0.21136250016813926,3.1850502050319096,0.2933333440621695,4.303105262204225
LG,200.0,450,1576,0.23642711397934063,4.107948340332089,0.32605691593352404,5.223703714432541
LG,200.0,460,1420,0.17714395685458606,5.029439343233167,0.36910868400983077,5.947447348989944
noLG,200.0,10,1580,-0.018149070932374254,0.056621959738918426,-0.018294107509494617,0.052727261998436636
noLG,200.0,20,1580,-0.016090053917934128,0.09252962354261239,-0.017147831327221336,0.10328570451055259
noLG,200.0,30,1580,-0.013023794031078369,0.11084498724462913,-0.018147003890071067,0.13118469229086793
noLG,200.0,40,1580,-0.01148777031796935,0.12027324566023263,-0.013366011581779302,0.14300824384680777
noLG,200.0,50,1580,-0.009495979609080765,0.1337362702945862,-0.01298884119747884,0.15928210290780487
noLG,200.0,60,1580,-0.00674918207567761,0.14947492155965258,-0.010294117647058898,0.18443440282049997
noLG,200.0,70,1580,-0.004560293294030662,0.16423669543481514,-0.007602623085474491,0.19984982114135127
noLG,200.0,80,1580,-0.0030353228846683065,0.17736621560530258,-0.0038373836867071076,0.21323121811965054
noLG,200.0,90,1580,-0.0016674037156980178,0.18977735200377527,-0.00191391732775692,0.23366014799328766
noLG,200.0,100,1580,7.973081470331403e-05,0.2018786062970216,-0.002769707885213024,0.2543359272004632
noLG,200.0,110,1580,0.0012670390183773903,0.2141215474851445,-0.003308892723460466,0.27737261610079456
noLG,200.0,120,1580,0.0024977738958940577,0.22628494354742357,0.002184893892399953,0.28627289675312617
noLG,200.0,130,1580,0.0034960418432617548,0.23874505868672985,0.0013958953247713568,0.29639162400643804
noLG,200.0,140,1580,0.004631189779802951,0.2515039958481358,0.0005071192328729435,0.3184523792238463
noLG,200.0,150,1580,0.005898844602479748,0.26488519145834794,-0.00022199878131112794,0.3331539422097607
noLG,200.0,160,1580,0.006705725995554773,0.27899301507805385,-0.001660674603722323,0.34687059612254445
noLG,200.0,170,1580,0.007187575613671786,0.2931718951295241,0.0027306835647373795,0.3677554058844382
noLG,200.0,180,1580,0.007885934737653338,0.30795839317568546,0.003790079231293153,0.38504666839193347
noLG,200.0,190,1580,0.009152680208184206,0.3223287901069408,0.0044780192958129295,0.4099999940991399
noLG,200.0,200,1580,0.010873084734038807,0.3371969841011853,0.009999997317790887,0.42588285491108163
noLG,200.0,210,1580,0.011976722003801779,0.3523474411032765,0.009843783954248786,0.44971763706589246
noLG,200.0,220,1580,0.012352053750461795,0.3670253962848491,0.008429140150888026,0.46819188744248247
noLG,200.0,230,1580,0.012495473836094633,0.38115326447990244,0.00853973675765729,0.48617983480428023
noLG,200.0,240,1580,0.01293292947446938,0.39524546719312065,0.010237771153067454,0.5004070021686466
noLG,200.0,250,1580,0.013608681650666424,0.4099164278584532,0.011414724807868537,0.5161817484308336
noLG,200.0,260,1580,0.014495120939868015,0.4250096665040452,0.013150926027847065,0.5355760683891881
noLG,200.0,270,1580,0.015689723112122574,0.44082027365171295,0.015298303443544103,0.545201837742921
noLG,200.0,280,1580,0.01727236775462527,0.4574053466901391,0.01578818300234275,0.5773827745831759
noLG,200.0,290,1580,0.01901978727357864,0.4744432516854001,0.020121182815565852,0.6029414806441104
noLG,200.0,300,1580,0.021191156634452625,0.4921730118159335,0.01934264950747333,0.6316570504386817
noLG,200.0,310,1580,0.023171363690918982,0.5108604861443782,0.022351244649935653,0.6566099365083404
noLG,200.0,320,1580,0.024993630591095408,0.530184700066772,0.022618826035202266,0.6838946943703829
noLG,200.0,330,1580,0.026805501242304526,0.5504422872416509,0.02418899493918314,0.7084801530557
noLG,200.0,340,1580,0.028594342191754586,0.5712514223720971,0.026500640274977227,0.7442967077670523
noLG,200.0,350,1580,0.03010858371845526,0.5927414908664371,0.030956573821406153,0.774381633392568
noLG,200.0,360,1580,0.03194904383074489,0.6143598148576819,0.03459161449346282,0.7937687027429796
noLG,200.0,370,1580,0.034099078425175885,0.636136367015759,0.04018943423862886,0.8185706584239298
noLG,200.0,380,1580,0.03595390855017313,0.6584848556219766,0.04089497094197547,0.8374047625604131
noLG,200.0,390,1580,0.037310988261959,0.68135439819691,0.045478257591309745,0.8793937072038355
noLG,200.0,400,1580,0.038776684546032524,0.7056886075952417,0.04099326748338217,0.9198341762307573
noLG,200.0,410,1580,0.04070474054667132,0.7310031396836246,0.04595454277233646,0.9589810573443404
noLG,200.0,420,1580,0.04291553341030987,0.7571425912346531,0.048256301328915674,1.0124391129371995
noLG,200.0,430,1580,0.04538234412048541,0.7834707971381952,0.05253261447931479,1.0345839750626498
noLG,200.0,440,1580,0.04822083566007251,0.8104337254687949,0.05007313768504962,1.075874201745959
noLG,200.0,450,1580,0.05054151016258095,0.8395618796662345,0.05265261978820712,1.1136917165757891
noLG,200.0,460,1580,0.05268459653638669,0.8693910624399367,0.049402774860012766,1.1610826144475686
noLG,200.0,470,1580,0.05467397671596977,0.9004808396681653,0.05644973157543354,1.210343685179883
noLG,200.0,480,1580,0.05635311678855808,0.9317895687947125,0.056666668752829,1.258701851818678
noLG,200.0,490,1580,0.05793283770575957,0.9656718831630157,0.058147387973819686,1.3187437538175333
noLG,200.0,500,1580,0.06098712493983915,1.0012822977722349,0.06587302421766639,1.3715983785533725
noLG,200.0,510,1580,0.06308038211427229,1.038421104515335,0.06552380803369395,1.4143536467002111
noLG,200.0,520,1580,0.06378989975758136,1.076456262834248,0.06850307646754317,1.4915985526967825
noLG,200.0,530,1580,0.0658553444936329,1.1179544973464852,0.0632815729029188,1.5492371685050237
noLG,200.0,540,1580,0.06881912574422591,1.1623147700172354,0.05872720618506255,1.6043441511353898
noLG,200.0,550,1580,0.07258977624295143,1.2091275456597979,0.07363068185035448,1.6708357810004024
noLG,200.0,560,1580,0.07681365245584093,1.2571039880586967,0.0824421715063306,1.727155156406754
noLG,200.0,570,1580,0.0792083037394895,1.3085235235351347,0.09278846302857735,1.7916713344529798
noLG,200.0,580,1580,0.08338972772120667,1.3624853238464794,0.09702435863163172,1.88708695974039
noLG,200.0,590,1580,0.08713155598704841,1.4207492839525633,0.10674962292609336,1.9644304966492958
noLG,200.0,600,1580,0.09064183739076538,1.4862408360819541,0.12358974031148806,2.0533594771241823
noLG,200.0,610,1580,0.09370324766748823,1.5568846655832824,0.12333332945903086,2.139653939128971
noLG,200.0,620,1580,0.09583688112018313,1.6318527344596023,0.12031468740084827,2.258077405151544
noLG,200.0,630,1580,0.10104700440444077,1.7138758296570291,0.12641025849641885,2.3403461484817387
noLG,200.0,640,1580,0.10913030645643278,1.8009847586439378,0.15185185065975948,2.4637402556275405
noLG,200.0,650,1580,0.11727382180790323,1.8979834884327105,0.15516252304443778,2.60897855386899
noLG,200.0,660,1580,0.1276640497966298,2.005089259657612,0.17532828700060854,2.770011283142678
noLG,200.0,670,1580,0.1333740827105393,2.127422223042782,0.18583333541949587,2.9652766466731415
noLG,200.0,680,1580,0.14000365572000242,2.270613411777478,0.20614035177126322,3.14535138824167
noLG,200.0,690,1580,0.14606844482600975,2.432739591073473,0.23984848157022975,3.3528235191001636
noLG,200.0,700,1580,0.15764463787655167,2.6230686541221937,0.22744346879638955,3.5805797057341855
noLG,200.0,710,1580,0.1610757120028034,2.855394953202604,0.2625030767812837,3.8634285754816897
noLG,200.0,720,1580,0.17389857136303574,3.147550566110977,0.2785164361764354,4.2309543325526935
noLG,200.0,730,1580,0.18619544836254176,3.533176017182157,0.2982731262361611,4.75863491568774
noLG,200.0,740,1580,0.21121951190046978,4.132105667416084,0.3416558435597987,5.459543343653258
noLG,200.0,750,1576,0.298348956739588,5.765884485033989,0.34541063990342646,6.4359340632518585
noLG,200.0,760,1470,0.19385801292916144,9.362996021446254,0.3557894668296766,6.941888886623916
noLG,200.0,770,1322,0.030651510283023507,8.9012706924267,0.4232142797538221,7.123400000417236
