dataset,rebin_ps,quantile_percent,n_events,delta_mean_ns,delta_rms_ns,delta_p50_ns,delta_p90_ns
LG,200.0,1,3000,-0.01869145184028224,0.045334266271451484,-0.018248064480603787,0.0377972995767851
LG,200.0,2,3000,-0.01936845378926129,0.06023838661125112,-0.01972720455022181,0.05752951338789496
LG,200.0,3,3000,-0.019622887735082296,0.06961548455715914,-0.02042262608097606,0.06751102111285723
LG,200.0,4,3000,-0.019413689703325854,0.07785641252979374,-0.019664485922696595,0.07955996846893454
LG,200.0,5,3000,-0.01914986904856978,0.07684491542821585,-0.019999962707463625,0.07950447424063356
LG,200.0,6,3000,-0.019320688183110807,0.07173980841012821,-0.018766791058388188,0.07113771671577063
LG,200.0,7,3000,-0.01936288976730298,0.07088394501548312,-0.01933009951518566,0.0697136126247796
LG,200.0,8,3000,-0.019427931209549516,0.07290571120169406,-0.020084093855568197,0.07336002016448845
LG,200.0,9,3000,-0.019449403662494612,0.07480630123331333,-0.019812173835471625,0.07673991163951371
LG,200.0,10,3000,-0.01933532627712424,0.07693769774962929,-0.020255827387894,0.08134154658609247
LG,200.0,11,3000,-0.01908670536214588,0.08041892712158215,-0.01866045974295638,0.08421266671799872
LG,200.0,12,3000,-0.018804513644688402,0.08444938860529934,-0.01809414698366396,0.08810518383372422
LG,200.0,13,3000,-0.018591174413014742,0.08769210175510701,-0.01730878665570712,0.09322327082712616
LG,200.0,14,3000,-0.01857269450896448,0.09062766602140639,-0.017894654074632976,0.0961151737599078
LG,200.0,15,3000,-0.018698725473359778,0.09428466494348138,-0.018753236192170286,0.10109954697568317
LG,200.0,16,3000,-0.01882677179314192,0.09864880024574102,-0.01864147814750272,0.10588474100284503
LG,200.0,17,3000,-0.019019590931485808,0.10272620380134109,-0.018934610932779372,0.1102200642941829
LG,200.0,18,3000,-0.019310965322999554,0.10586921863276945,-0.019212792606287277,0.11406841752791971
LG,200.0,19,3000,-0.0196912415703969,0.10879180950300298,-0.019371621966386754,0.11769842861816658
LG,200.0,20,3000,-0.020154131537522792,0.11219602523317711,-0.020303050835862257,0.12007118980967722
LG,200.0,21,3000,-0.020633837594429508,0.11571143205861775,-0.020870298178620628,0.12534648845922902
LG,200.0,22,3000,-0.020820318297484056,0.11882709849928241,-0.021708264404161737,0.13160758926628952
LG,200.0,23,3000,-0.020831319506928157,0.12130731209590175,-0.020043991238204217,0.13539690243592142
LG,200.0,24,3000,-0.020740447540475385,0.12401111378535014,-0.020584531339267853,0.13801299637216521
LG,200.0,25,3000,-0.020710684201523572,0.12683760226793456,-0.021176618560759697,0.14301386334815935
LG,200.0,26,3000,-0.020876538133907482,0.12951086724700334,-0.02144429124192293,0.14465788943363272
LG,200.0,27,3000,-0.020969486468485128,0.13204293976884554,-0.02102953124195095,0.14859425342792193
LG,200.0,28,3000,-0.02106987810938157,0.13480179834098396,-0.02143939015136087,0.15057648897394457
LG,200.0,29,3000,-0.02125008961093675,0.13765457712481385,-0.02065047602982606,0.15544938324892438
LG,200.0,30,3000,-0.021474064988407093,0.1400206051172078,-0.02195015186300131,0.15830076692033265
LG,200.0,31,3000,-0.021692977761378074,0.14218508657330972,-0.02205628341605781,0.15942838724053782
LG,200.0,32,3000,-0.02194622321648036,0.14412485173478365,-0.022762929179522384,0.16150675051351798
LG,200.0,33,3000,-0.021953949934890696,0.14601913388199775,-0.022534600274457306,0.16563642113490556
LG,200.0,34,3000,-0.021637478550439824,0.14772102365042322,-0.021334038431890745,0.16861213997627802
LG,200.0,35,3000,-0.021246351249216543,0.1498459900539017,-0.020095225507872128,0.1718998666600827
LG,200.0,36,3000,-0.02138346433031479,0.1524515206551984,-0.019738433914997966,0.17251547005558968
LG,200.0,37,3000,-0.021775465114983898,0.15487649056191413,-0.0178718169056864,0.1746047153810965
LG,200.0,38,3000,-0.021869464730436633,0.15743463806956523,-0.02036077180986018,0.17751602114518303
LG,200.0,39,3000,-0.021535687887724378,0.16012749577183594,-0.018732918689776445,0.18172792310713878
LG,200.0,40,3000,-0.021204093795212146,0.16282858509586598,-0.018412903977635064,0.18415649972026937
LG,200.0,41,3000,-0.02086071957964637,0.16571361680231578,-0.017158231604653462,0.1890870558641346
LG,200.0,42,3000,-0.02032714271177213,0.16886913074093332,-0.017695856284499545,0.18944940653200812
LG,200.0,43,3000,-0.019656434449773053,0.17195680733511257,-0.015525558144094065,0.19351185273903046
LG,200.0,44,3000,-0.01939971307379003,0.17509164346658754,-0.015183352567931241,0.19598659232863858
LG,200.0,45,3000,-0.01959339143626809,0.1782080772865306,-0.018256289177287943,0.20269629050353455
LG,200.0,46,3000,-0.019730203123278615,0.18155791222436957,-0.019416709609019644,0.20816132253127737
LG,200.0,47,3000,-0.01998984957316936,0.18489797626746948,-0.015775063612026186,0.21566273541807135
LG,200.0,48,3000,-0.020215810163454005,0.18857131716272507,-0.015618114134573702,0.22070320723927211
LG,200.0,49,3000,-0.020106915537065333,0.19235734751857825,-0.01704288497350892,0.22421705113445284
LG,200.0,50,3000,-0.01980030694079682,0.19662989216371546,-0.01584352310026138,0.2291295106458402
noLG,200.0,1,3000,-0.02029287401206426,0.04561766993477293,-0.0197957174648071,0.037614339311663726
noLG,200.0,2,3000,-0.02071770877412639,0.06964605140602252,-0.02055602179229865,0.06772709806855051
noLG,200.0,3,3000,-0.021883408277204915,0.08609296549469167,-0.023658675083427394,0.08665126314101472
noLG,200.0,4,3000,-0.021515629861878115,0.08109778015639575,-0.022728253411302857,0.07963045716632325
noLG,200.0,5,3000,-0.02095098593951877,0.08411536042864863,-0.020695039714054453,0.08445890235774506
noLG,200.0,6,3000,-0.020472349137271258,0.08781256048731269,-0.018693324715929938,0.09078412026299469
noLG,200.0,7,3000,-0.0200264877800278,0.09306039165146228,-0.019694638821224353,0.09736914827332446
noLG,200.0,8,3000,-0.0198575331768006,0.09634888807340666,-0.019966671979418038,0.10235613980013732
noLG,200.0,9,3000,-0.01970088815754603,0.0972914971198467,-0.019889641272088476,0.10326743624035897
noLG,200.0,10,3000,-0.019869132230852505,0.09947567893294831,-0.01980858132910146,0.10811285234950879
noLG,200.0,11,3000,-0.020152104301293133,0.1006427853982188,-0.02011372902448938,0.10897537599704372
noLG,200.0,12,3000,-0.020271087011528553,0.10127163830085921,-0.019080930373412075,0.104864010996978
noLG,200.0,13,3000,-0.020223497340588363,0.10337568103216764,-0.01869010115324432,0.10912395708996905
noLG,200.0,14,3000,-0.02017428704506585,0.10456008518953754,-0.017865805013206892,0.11278081215531437
noLG,200.0,15,3000,-0.020062504759282396,0.10535904874439438,-0.019660586872678354,0.11285007745547446
noLG,200.0,16,3000,-0.019989738083978994,0.10711918312659978,-0.0198215101708199,0.11506766977923233
noLG,200.0,17,3000,-0.019758392273245558,0.1089082840812727,-0.020890874995546316,0.11863950548806688
noLG,200.0,18,3000,-0.01942380970750318,0.11048303406476401,-0.021029690461030315,0.12334769418744584
noLG,200.0,19,3000,-0.01906207337761645,0.11274967276263992,-0.021176729616105283,0.12823241412102682
noLG,200.0,20,3000,-0.01927238690198752,0.11492518539690795,-0.02233288531155564,0.13127863709524476
noLG,200.0,21,3000,-0.019440569620760923,0.11635736720246997,-0.02230974800670671,0.13016165331307528
noLG,200.0,22,3000,-0.019666586779709262,0.11789003151198221,-0.023405495330530823,0.1312952253920676
noLG,200.0,23,3000,-0.020089972397159934,0.11983576658449402,-0.02061727090846721,0.13192463698720802
noLG,200.0,24,3000,-0.020356362791201222,0.12138266650345257,-0.022058180788103066,0.13288068900843106
noLG,200.0,25,3000,-0.020178010656998733,0.12296645969190448,-0.022239544276853485,0.13323517118880465
noLG,200.0,26,3000,-0.01996260718714443,0.12456486662594111,-0.020753988327055106,0.13600849488803304
noLG,200.0,27,3000,-0.020046306345373587,0.12575488203728147,-0.021488563730145627,0.13876923171746056
noLG,200.0,28,3000,-0.020444961578483196,0.1267938740786278,-0.02062301024029156,0.14037528190282852
noLG,200.0,29,3000,-0.020932100157171594,0.12832107552220792,-0.020607922708657522,0.1431175688644398
noLG,200.0,30,3000,-0.021288619557466595,0.13012054455892444,-0.021962964582439515,0.143912766428263
noLG,200.0,31,3000,-0.021471191841931008,0.1316432371129529,-0.022783091715080417,0.14557819807296585
noLG,200.0,32,3000,-0.021386866677208363,0.13335590982218154,-0.022044058560656943,0.14605692408343837
noLG,200.0,33,3000,-0.020991784779575723,0.13531714880672982,-0.020524463958023542,0.1505037343542689
noLG,200.0,34,3000,-0.020760393884155678,0.1371225757346911,-0.017914693665746384,0.1535733818635652
noLG,200.0,35,3000,-0.020840635313784904,0.13920049039666124,-0.01769520721290352,0.15715808084764712
noLG,200.0,36,3000,-0.020885106586087176,0.14139882234351572,-0.017364223186855154,0.15801819905734368
noLG,200.0,37,3000,-0.02090204500393751,0.14388479513245492,-0.018907960402751556,0.16253877070602585
noLG,200.0,38,3000,-0.020964199548987605,0.14622359890457987,-0.020306583826444236,0.16540132671232274
noLG,200.0,39,3000,-0.020907746676509683,0.14832950570101414,-0.021428701087061963,0.16693180571293495
noLG,200.0,40,3000,-0.020916541632228138,0.15044655208429683,-0.020392821825653273,0.17011809383498266
noLG,200.0,41,3000,-0.021103359023735176,0.15304535325764482,-0.021434222253747803,0.17313604186647955
noLG,200.0,42,3000,-0.02149278637002082,0.15546372554659538,-0.020906128504359467,0.17613092628496538
noLG,200.0,43,3000,-0.021793245113167974,0.15770533230531358,-0.021060367901414745,0.1756775852668041
noLG,200.0,44,3000,-0.021831747600202636,0.15970858239457686,-0.021562456673218655,0.17844791500746607
noLG,200.0,45,3000,-0.022069762732115274,0.16162016755691724,-0.020022730651872545,0.18345486154066318
noLG,200.0,46,3000,-0.021977529258470185,0.16357124304336373,-0.020039270480469495,0.18254527711134916
noLG,200.0,47,3000,-0.021882962879954875,0.16606174136428173,-0.021316792063954315,0.18568800326490728
noLG,200.0,48,3000,-0.021852450576890045,0.16913951028589014,-0.023150985258495238,0.19273560034796428
noLG,200.0,49,3000,-0.02158458002977118,0.17173295913999762,-0.023958756362644662,0.19855507564658642
noLG,200.0,50,3000,-0.021407190457958265,0.17427010611700414,-0.02175586595570511,0.2002671282720597
